Sample_Index,Elapsed_Minutes,Mean_Intensity_DN,Drift_Rate_Pct_Per_Min
1,0,244.6864,0
2,0.172,225.6413,46.7008
3,0.344,224.7606,24.4302
4,0.519,224.3697,16.6063
5,0.694,224.1943,12.5623
6,0.866,224.0111,10.1397
7,1.041,223.8569,8.5127
8,1.216,223.7115,0.8553
9,1.399,223.4904,0.5651
10,1.575,223.3578,0.451
11,1.745,223.2444,0.4237
12,1.917,223.2109,0.3572
13,2.088,223.0749,0.3493
14,2.258,223.0665,0.2883
15,2.435,222.9635,0.2358
16,2.606,222.9211,0.1955
17,2.783,222.8513,0.1761
18,2.955,222.8296,0.1708
19,3.131,222.7012,0.1675
20,3.308,222.6888,0.1693
21,3.479,222.6502,0.1405
22,3.656,222.6176,0.1361
23,3.834,222.5421,0.1387
24,4.012,222.5603,0.1209
25,4.19,222.4866,0.0964
26,4.367,222.4263,0.1179
27,4.538,222.4084,0.1086
28,4.715,222.3965,0.0993
29,4.893,222.3039,0.107
30,5.064,222.32,0.108
31,5.234,222.3087,0.08
32,5.42,222.2761,0.0675
33,5.596,222.263,0.0654
34,5.774,222.2148,0.0817
35,5.945,222.2163,0.0394
36,6.115,222.1474,0.0776
37,6.292,222.1431,0.0745
38,6.463,222.138,0.0621
39,6.64,222.1214,0.0637
40,6.818,222.0939,0.0544
41,6.995,222.067,0.0672
42,7.17,222.0114,0.0612
43,7.344,222.036,0.0482
44,7.521,222.006,0.0594
45,7.698,221.9626,0.0715
46,7.869,221.9635,0.0587
47,8.047,221.934,0.0599
48,8.217,221.9558,0.025
49,8.396,221.9355,0.0453
50,8.572,221.863,0.0644
51,8.749,221.9079,0.0246
52,8.92,221.8691,0.0425
53,9.091,221.8826,0.0232
54,9.269,221.867,0.04
55,9.445,221.8705,0.0293
56,9.618,221.8066,0.0254
57,9.795,221.8025,0.0475
58,9.972,221.8427,0.0119
59,10.149,221.8122,0.0317
60,10.32,221.8087,0.0263
61,10.498,221.7749,0.0431
62,10.674,221.7047,0.0459
63,10.845,221.7752,0.0123
64,11.023,221.7396,0.0465
65,11.201,221.7918,0.0092
66,11.383,221.7622,0.021
67,11.561,221.7328,0.019
68,11.733,221.6963,0.0038
69,11.904,221.6551,0.0542
70,12.074,221.6921,0.0214
71,12.246,221.6926,0.0447
72,12.434,221.6954,0.0301
73,12.608,221.7075,0.0114
74,12.777,221.6319,0.029
75,12.948,221.6683,0.006
76,13.121,221.5871,0.0474
77,13.295,221.6765,0.0073
78,13.466,221.6424,0.0239
79,13.646,221.6115,0.0433
80,13.822,221.6512,0.0087
81,13.993,221.6257,0.0192
82,14.171,221.6182,0.014
83,14.347,221.5609,0.0521
84,14.522,221.5833,0.0267
85,14.692,221.5492,0.0281
86,14.868,221.5763,0.0338
87,15.039,221.5587,0.0302
88,15.211,221.6183,0
89,15.388,221.5664,0.0025
90,15.559,221.5774,0.0027
91,15.73,221.5682,0.0086
92,15.901,221.5641,0.0055
93,16.078,221.5336,0.0113
94,16.257,221.5484,0.0315
95,16.432,221.5222,0.0199
96,16.604,221.541,0.0164
97,16.775,221.5573,0.0049
98,16.953,221.5312,0.0148
99,17.13,221.5459,0.0056
100,17.307,221.5311,0.0078
101,17.485,221.5276,0.0024
102,17.655,221.5136,0.0124
103,17.833,221.5131,0.0199
104,18.011,221.5176,0.0061
105,18.188,221.4826,0.0286
106,18.359,221.5366,0.0025
107,18.529,221.4573,0.0317
108,18.708,221.508,0.0025
109,18.884,221.5122,0.0004
110,19.066,221.4921,0.0115
111,19.238,221.5256,0.0194
112,19.418,221.5219,0.0066
113,19.594,221.4935,0.0163
114,19.765,221.4966,0.0051
115,19.937,221.5138,0.0007
116,20.112,221.4572,0.0158
117,20.283,221.5217,0.0018
118,20.46,221.4715,0.0228
119,20.633,221.4876,0.0027
120,20.809,221.477,0.0088
