trial,dx_px,dy_px,drift_D_px,peak_intensity_DN
1,0.001048397,0.001304532,0.001673601,253.3888889
2,0.0011639,0.001743892,0.002096622,253.5882353
3,0.0025841,0.001889509,0.003201221,253.4736842
4,0.002616986,0.003759918,0.004581004,253.3571429
5,0.00181736,0.001410791,0.00230068,253.6153846
6,0.002696257,0.00176323,0.003221612,253.4545455
7,0.001886421,0.000503519,0.001952464,253.7777778
8,0.002447432,0.002627402,0.003590705,253.4615385
9,0.002157564,0.00083895,0.002314934,253.6666667
10,0.001972985,0.001675356,0.002588337,253.7333333
11,2.86E-05,-0.000323651,0.000324912,253.3333333
12,-0.000465054,-0.000101722,0.000476049,253.5
13,0.000379604,0.000327392,0.000501283,253.5714286
14,-0.000948058,-0.000313648,0.000998593,253.75
15,0.00072218,-7.71E-05,0.000726287,253.6923077
16,-0.000185546,0.000258472,0.000318175,253.4166667
17,0.00045664,0.000455171,0.000644749,253.8
18,-0.00041003,-0.000618184,0.000741806,253.3333333
19,-8.84E-06,0.000254533,0.000254687,253.5
20,-0.00067127,0.000557611,0.000872659,253.5384615
